Submission-Date,message,image
"2021-02-17 15:56:53","I love kimchi because no reason!",https://loveaboutfood.com/images/image-1.png
"2021-02-18 12:14:56","I love pad krapow because it gives me a good hit after eating it!",https://loveaboutfood.com/images/image-2.png
"2021-02-23 23:41:30","I love za'taar chicken pasta because my boyfriend made it for me <3",https://loveaboutfood.com/images/image-3.png
"2021-02-23 23:51:41","I love to cook for my cute boyfriend",https://loveaboutfood.com/images/image-4.png
"2021-02-23 23:53:47","Gnocchi are pillows of love",https://loveaboutfood.com/images/image-5.png
"2021-02-24 08:50:21","I love coffee because it gives me good morning vibes.",https://loveaboutfood.com/images/image-6.png
"2021-02-26 13:08:14","I love bananas because they are healthy and gives me good vibes",https://loveaboutfood.com/images/image-7.png
"2021-03-08 23:10:02","I love roast chicken because it is a hearty meal after a long day!",https://loveaboutfood.com/images/image-8.png
"2021-03-08 23:11:39","I love egg noodles with fried pork because it gives me the spirit to keep going.",https://loveaboutfood.com/images/image-9.png
"2021-03-08 23:24:50","I love braised beef because it reminds me of home.",https://loveaboutfood.com/images/image-10.png
"2021-03-08 23:47:50","I love coffee because this is my morning routine",https://loveaboutfood.com/images/image-11.png
"2021-03-09 00:16:10","I love corn cheese because it combines the best of both worlds",https://loveaboutfood.com/images/image-12.png